Time (%),Total Time (ns),Num Calls,Avg (ns),Med (ns),Min (ns),Max (ns),StdDev (ns),Name
75.0,242734442127,1820,133370572.6,100579785.5,3408,501395001,115551878.1,poll
25.0,80930393995,7,11561484856.4,55430727.0,383442,80659036285,30469164327.4,sem_wait
0.0,60608377,150,404055.8,25104.0,1088,5576676,976730.9,pthread_cond_timedwait
0.0,41885715,36,1163492.1,87592.0,13984,17849280,3079404.4,ioctl
0.0,7188938,2,3594469.0,3594469.0,393314,6795624,4527116.8,pthread_rwlock_wrlock
0.0,4517487,264,17111.7,3968.0,1984,85617,24882.2,backtrace
0.0,2633866,2,1316933.0,1316933.0,1265525,1368341,72701.9,pthread_rwlock_rdlock
0.0,2080967,27,77072.9,21296.0,1872,745378,172688.1,pthread_mutex_lock
0.0,1358149,2,679074.5,679074.5,673554,684595,7807.2,pthread_cond_wait
0.0,479185,7,68455.0,77728.0,6544,93984,28417.6,send
0.0,432548,130,3327.3,2048.0,1008,18369,3141.4,pthread_cond_signal
0.0,216640,7,30948.6,24640.0,1584,77632,27730.5,recv
0.0,86784,1,86784.0,86784.0,86784,86784,0.0,pthread_create
0.0,64400,3,21466.7,15440.0,3376,45584,21739.8,mmap64
0.0,24576,6,4096.0,3960.0,2896,5760,1056.8,select
0.0,22080,1,22080.0,22080.0,22080,22080,0.0,accept4
